motif,type,res,seq,hairpin_length
HAIRPIN.3IWN.4.CGAAAG.1,HAIRPIN,B.A125,HAIRPIN.3IWN.4.CGAAAG,4
HAIRPIN.5VPO.10.GAUCAGC.0,HAIRPIN,QA.A1319,HAIRPIN.5VPO.10.GAUCAGC,10
HAIRPIN.5VPO.11.CUAAAAGGUAACG.0,HAIRPIN,RA.C2248,HAIRPIN.5VPO.11.CUAAAAGGUAACG,11
HAIRPIN.5VPO.12.CACUGAGACACGGG.0,HAIRPIN,QA.A109,HAIRPIN.5VPO.12.CACUGAGACACGGG,12
HAIRPIN.5VPO.13.ACUGGCCGUGAAGAU.0,HAIRPIN,RA.A2020,HAIRPIN.5VPO.13.ACUGGCCGUGAAGAU,13
HAIRPIN.5VPO.19.GGUCGCCUCCUAAAAGGUAAC.0,HAIRPIN,RA.A2327,HAIRPIN.5VPO.19.GGUCGCCUCCUAAAAGGUAAC,19
HAIRPIN.5VPO.25.CGUGGAGCCAUGGGGGAAUCUGGGCGG.0,HAIRPIN,RA.A251,HAIRPIN.5VPO.25.CGUGGAGCCAUGGGGGAAUCUGGGCGG,25
HAIRPIN.5VPO.3.CGCAG.0,HAIRPIN,RA.A1755,HAIRPIN.5VPO.3.CGCAG,3
HAIRPIN.5VPO.4.AGAAAU.0,HAIRPIN,RA.A227,HAIRPIN.5VPO.4.AGAAAU,4
HAIRPIN.5VPO.4.CAAGAG.0,HAIRPIN,RA.A1632,HAIRPIN.5VPO.4.CAAGAG,4
HAIRPIN.5VPO.4.CCUUGG.0,HAIRPIN,QA.A263,HAIRPIN.5VPO.4.CCUUGG,4
HAIRPIN.5VPO.4.CGA.0,HAIRPIN,QA.A1170,HAIRPIN.5VPO.4.CGA,4
HAIRPIN.5VPO.4.CGAAAG.0,HAIRPIN,RA.A1809,HAIRPIN.5VPO.4.CGAAAG,4
HAIRPIN.5VPO.4.CGAAGG.0,HAIRPIN,QA.A729,HAIRPIN.5VPO.4.CGAAGG,4
HAIRPIN.5VPO.4.CGAGAG.0,HAIRPIN,RA.A2531,HAIRPIN.5VPO.4.CGAGAG,4
HAIRPIN.5VPO.4.CGCAAG.0,HAIRPIN,QA.C106,HAIRPIN.5VPO.4.CGCAAG,4
HAIRPIN.5VPO.4.CGCGAG.0,HAIRPIN,RA.A1227,HAIRPIN.5VPO.4.CGCGAG,4
HAIRPIN.5VPO.4.CGGAAG.0,HAIRPIN,QA.A1519,HAIRPIN.5VPO.4.CGGAAG,4
HAIRPIN.5VPO.4.CGUAAG.0,HAIRPIN,RA.A1810,HAIRPIN.5VPO.4.CGUAAG,4
HAIRPIN.5VPO.4.CGUGAG.0,HAIRPIN,QA.A1080,HAIRPIN.5VPO.4.CGUGAG,4
HAIRPIN.5VPO.4.CUCCGG.0,HAIRPIN,RA.C2111,HAIRPIN.5VPO.4.CUCCGG,4
HAIRPIN.5VPO.4.CUUCGG.1,HAIRPIN,RA.A1977,HAIRPIN.5VPO.4.CUUCGG,4
HAIRPIN.5VPO.4.GGAAAC.1,HAIRPIN,RA.A632,HAIRPIN.5VPO.4.GGAAAC,4
HAIRPIN.5VPO.4.GGCAAC.0,HAIRPIN,QA.A1268,HAIRPIN.5VPO.4.GGCAAC,4
HAIRPIN.5VPO.4.GGGAA.0,HAIRPIN,RA.A140,HAIRPIN.5VPO.4.GGGAA,4
HAIRPIN.5VPO.4.GGGAAC.0,HAIRPIN,RA.A127,HAIRPIN.5VPO.4.GGGAAC,4
HAIRPIN.5VPO.4.U.0,HAIRPIN,RA.G1869,HAIRPIN.5VPO.4.U,4
HAIRPIN.5VPO.4.UGAAAG.0,HAIRPIN,QA.A1015,HAIRPIN.5VPO.4.UGAAAG,4
HAIRPIN.5VPO.4.UGAGAG.0,HAIRPIN,QA.G27,HAIRPIN.5VPO.4.UGAGAG,4
HAIRPIN.5VPO.4.UUUAGG.0,HAIRPIN,RA.A2247,HAIRPIN.5VPO.4.UUUAGG,4
HAIRPIN.5VPO.5.CG.0,HAIRPIN,RA.A2801,HAIRPIN.5VPO.5.CG,5
HAIRPIN.5VPO.5.CGAACAG.0,HAIRPIN,RA.A2369,HAIRPIN.5VPO.5.CGAACAG,5
HAIRPIN.5VPO.5.CGGCGAG.0,HAIRPIN,RA.A195,HAIRPIN.5VPO.5.CGGCGAG,5
HAIRPIN.5VPO.5.GCAAAUC.0,HAIRPIN,RA.A1496,HAIRPIN.5VPO.5.GCAAAUC,5
HAIRPIN.5VPO.5.GGUCGUC.0,HAIRPIN,RA.A1616,HAIRPIN.5VPO.5.GGUCGUC,5
HAIRPIN.5VPO.5.UGAAAAG.0,HAIRPIN,RA.A781,HAIRPIN.5VPO.5.UGAAAAG,5
HAIRPIN.5VPO.6.CCUGCAAG.0,HAIRPIN,RA.A824,HAIRPIN.5VPO.6.CCUGCAAG,6
HAIRPIN.5VPO.6.CGACACAG.0,HAIRPIN,RA.A750,HAIRPIN.5VPO.6.CGACACAG,6
HAIRPIN.5VPO.6.CGAUAACG.0,HAIRPIN,RA.A959,HAIRPIN.5VPO.6.CGAUAACG,6
HAIRPIN.5VPO.6.CGCAAGGG.0,HAIRPIN,RA.G2329,HAIRPIN.5VPO.6.CGCAAGGG,6
HAIRPIN.5VPO.6.CGUAAUAG.0,HAIRPIN,RA.A1069,HAIRPIN.5VPO.6.CGUAAUAG,6
HAIRPIN.5VPO.6.GAAACAUC.0,HAIRPIN,RA.A199,HAIRPIN.5VPO.6.GAAACAUC,6
HAIRPIN.5VPO.13.ACUGGCCGUGAAGAU.0,HAIRPIN,RA.A980,HAIRPIN.5VPO.6.GGAACAAC,6
HAIRPIN.5VPO.6.GGACCACC.0,HAIRPIN,RA.C1879,HAIRPIN.5VPO.6.GGACCACC,6
HAIRPIN.5VPO.6.GUUAAGUC.0,HAIRPIN,QA.A1067,HAIRPIN.5VPO.6.GUUAAGUC,6
HAIRPIN.5VPO.6.UGAAGAAG.0,HAIRPIN,RA.G2472,HAIRPIN.5VPO.6.UGAAGAAG,6
HAIRPIN.5VPO.6.UGCGAUAA.0,HAIRPIN,RA.G113,HAIRPIN.5VPO.6.UGCGAUAA,6
HAIRPIN.5VPO.6.UUGGGAAG.0,HAIRPIN,RA.A310,HAIRPIN.5VPO.6.UUGGGAAG,6
HAIRPIN.5VPO.7.CGUCCACAG.0,HAIRPIN,RA.A2476,HAIRPIN.5VPO.7.CGUCCACAG,7
HAIRPIN.5VPO.7.GAAGACCAC.0,HAIRPIN,RA.C2622,HAIRPIN.5VPO.7.GAAGACCAC,7
HAIRPIN.5VPO.7.GGUAAGUUC.0,HAIRPIN,RA.A1952,HAIRPIN.5VPO.7.GGUAAGUUC,7
HAIRPIN.5VPO.7.GGUAAUGGC.0,HAIRPIN,QA.A262,HAIRPIN.5VPO.7.GGUAAUGGC,7
HAIRPIN.5VPO.7.GUGAGAAUC.0,HAIRPIN,RA.A1287,HAIRPIN.5VPO.7.GUGAGAAUC,7
HAIRPIN.5VPO.7.UUCGUGGAG.0,HAIRPIN,RA.C246,HAIRPIN.5VPO.7.UUCGUGGAG,7
HAIRPIN.5VPO.8.CGGUGAAAUG.0,HAIRPIN,QA.A694,HAIRPIN.5VPO.8.CGGUGAAAUG,8
HAIRPIN.5VPO.8.CGUGUGGAAG.0,HAIRPIN,RA.G2409,HAIRPIN.5VPO.8.CGUGUGGAAG,8
HAIRPIN.5VPO.8.CUGCAACCCG.0,HAIRPIN,QA.A978,HAIRPIN.5VPO.8.CUGCAACCCG,8
HAIRPIN.5VPO.8.GAAGCAACGC.0,HAIRPIN,QA.A949,HAIRPIN.5VPO.8.GAAGCAACGC,8
HAIRPIN.5VPO.8.GUUAAUAUUC.0,HAIRPIN,RA.A1393,HAIRPIN.5VPO.8.GUUAAUAUUC,8
HAIRPIN.5VPO.8.UAUUGAAGCA.0,HAIRPIN,RA.G570,HAIRPIN.5VPO.8.UAUUGAAGCA,8
HAIRPIN.5VPO.9.CUUAGAAGCAG.0,HAIRPIN,RA.C1072,HAIRPIN.5VPO.9.CUUAGAAGCAG,9
HAIRPIN.5VPO.9.GAUUAGAUACC.0,HAIRPIN,QA.G1497,HAIRPIN.5VPO.9.GAUUAGAUACC,9
HAIRPIN.5VPO.9.GUAACUAUAAC.0,HAIRPIN,QA.A1408,HAIRPIN.5VPO.9.GUAACUAUAAC,9
HAIRPIN.5VPO.9.UUUACCAAAAA.0,HAIRPIN,RA.A1786,HAIRPIN.5VPO.9.UUUACCAAAAA,9
HAIRPIN.5VPO.9.UUUGAUCCUGG.0,HAIRPIN,QA.A914,HAIRPIN.5VPO.9.UUUGAUCCUGG,9
HAIRPIN.6TB3.10.CCUGAGAAACGG.0,HAIRPIN,2.A92,HAIRPIN.6TB3.10.CCUGAGAAACGG,10
HAIRPIN.6TB3.11.UUAAACGAUAACG.0,HAIRPIN,BQ.C2616,HAIRPIN.6TB3.11.UUAAACGAUAACG,11
HAIRPIN.6TB3.13.CAGCCAAGGGAACGG.0,HAIRPIN,BQ.C2365,HAIRPIN.6TB3.13.CAGCCAAGGGAACGG,13
HAIRPIN.6TB3.20.GGCACAUCUGUUAAACGAUAAC.0,HAIRPIN,BQ.A2696,HAIRPIN.6TB3.20.GGCACAUCUGUUAAACGAUAAC,20
HAIRPIN.6TB3.3.CAUAG.0,HAIRPIN,BQ.A187,HAIRPIN.6TB3.3.CAUAG,3
HAIRPIN.6TB3.4.AGAAAU.1,HAIRPIN,BQ.A2224,HAIRPIN.6TB3.4.AGAAAU,4
HAIRPIN.6TB3.4.AGUGAU.0,HAIRPIN,2.A11,HAIRPIN.6TB3.4.AGUGAU,4
HAIRPIN.6TB3.4.CAACCG.0,HAIRPIN,BQ.A70,HAIRPIN.6TB3.4.CAACCG,4
HAIRPIN.6TB3.4.CCAAGG.0,HAIRPIN,2.A156,HAIRPIN.6TB3.4.CCAAGG,4
HAIRPIN.6TB3.4.CCUCAG.0,HAIRPIN,BQ.A962,HAIRPIN.6TB3.4.CCUCAG,4
HAIRPIN.6TB3.4.CGAAAG.0,HAIRPIN,2.A941,HAIRPIN.6TB3.4.CGAAAG,4
HAIRPIN.6TB3.4.CGAGAG.1,HAIRPIN,BQ.A2900,HAIRPIN.6TB3.4.CGAGAG,4
HAIRPIN.6TB3.4.CGCAAG.0,HAIRPIN,2.C1021,HAIRPIN.6TB3.4.CGCAAG,4
HAIRPIN.6TB3.4.CGUAAG.0,HAIRPIN,BQ.A1407,HAIRPIN.6TB3.4.CGUAAG,4
HAIRPIN.6TB3.4.CGUGAG.0,HAIRPIN,BQ.A2967,HAIRPIN.6TB3.4.CGUGAG,4
HAIRPIN.6TB3.4.CUUCGG.1,HAIRPIN,BQ.U1925,HAIRPIN.6TB3.4.CUUCGG,4
HAIRPIN.6TB3.4.GAAGCU.0,HAIRPIN,BQ.A2166,HAIRPIN.6TB3.4.GAAGCU,4
HAIRPIN.6TB3.4.GGAAAC.0,HAIRPIN,2.G972,HAIRPIN.6TB3.4.GGAAAC,4
HAIRPIN.6TB3.4.GGUAAC.0,HAIRPIN,BQ.A1637,HAIRPIN.6TB3.4.GGUAAC,4
HAIRPIN.6TB3.4.GUAUUC.0,HAIRPIN,BQ.G1618,HAIRPIN.6TB3.4.GUAUUC,4
HAIRPIN.6TB3.4.GUGAAC.0,HAIRPIN,2.A1782,HAIRPIN.6TB3.4.GUGAAC,4
HAIRPIN.6TB3.4.UAAGGG.0,HAIRPIN,2.G23,HAIRPIN.6TB3.4.UAAGGG,4
HAIRPIN.6TB3.4.UGAAAG.1,HAIRPIN,BQ.A710,HAIRPIN.6TB3.4.UGAAAG,4
HAIRPIN.6TB3.5.AGAAAGU.0,HAIRPIN,BQ.A2166,HAIRPIN.6TB3.5.AGAAAGU,5
HAIRPIN.6TB3.5.AGCAGUU.0,HAIRPIN,BQ.C1469,HAIRPIN.6TB3.5.AGCAGUU,5
HAIRPIN.6TB3.5.CACAUUG.0,HAIRPIN,BQ.C1832,HAIRPIN.6TB3.5.CACAUUG,5
HAIRPIN.6TB3.5.CGGCGAG.0,HAIRPIN,BQ.A39,HAIRPIN.6TB3.5.CGGCGAG,5
HAIRPIN.6TB3.13.CAGCCAAGGGAACGG.0,HAIRPIN,BQ.A2372,HAIRPIN.6TB3.5.GGUAAGC,5
HAIRPIN.6TB3.5.GUAAUUC.0,HAIRPIN,2.A156,HAIRPIN.6TB3.5.GUAAUUC,5
HAIRPIN.6TB3.5.GUUUAUC.0,HAIRPIN,BQ.C839,HAIRPIN.6TB3.5.GUUUAUC,5
HAIRPIN.6TB3.5.UAAUUCA.0,HAIRPIN,2.A452,HAIRPIN.6TB3.5.UAAUUCA,5
HAIRPIN.6TB3.5.UGAACAG.0,HAIRPIN,BQ.A1864,HAIRPIN.6TB3.5.UGAACAG,5
HAIRPIN.6TB3.5.UUGUUCA.0,HAIRPIN,BQ.C2925,HAIRPIN.6TB3.5.UUGUUCA,5
HAIRPIN.6TB3.5.UUUCAAG.0,HAIRPIN,2.A1401,HAIRPIN.6TB3.5.UUUCAAG,5
HAIRPIN.6TB3.6.AGCAGAAU.0,HAIRPIN,BQ.A2847,HAIRPIN.6TB3.6.AGCAGAAU,6
HAIRPIN.6TB3.6.CAAAAGGG.0,HAIRPIN,BQ.G2698,HAIRPIN.6TB3.6.CAAAAGGG,6
HAIRPIN.6TB3.6.CGCAGCAG.0,HAIRPIN,BQ.A1847,HAIRPIN.6TB3.6.CGCAGCAG,6
HAIRPIN.6TB3.6.CUUAAUUG.0,HAIRPIN,2.A1287,HAIRPIN.6TB3.6.CUUAAUUG,6
HAIRPIN.6TB3.6.GAUGAUUC.0,HAIRPIN,2.A247,HAIRPIN.6TB3.6.GAUGAUUC,6
HAIRPIN.6TB3.13.CAGCCAAGGGAACGG.0,HAIRPIN,BQ.A1150,HAIRPIN.6TB3.6.GGAUGAAC,6
HAIRPIN.6TB3.6.UAAGCAUA.0,HAIRPIN,BQ.A2802,HAIRPIN.6TB3.6.UAAGCAUA,6
HAIRPIN.6TB3.6.UGUAACAA.0,HAIRPIN,BQ.A1244,HAIRPIN.6TB3.6.UGUAACAA,6
HAIRPIN.6TB3.6.UUGGAACA.0,HAIRPIN,BQ.A198,HAIRPIN.6TB3.6.UUGGAACA,6
HAIRPIN.6TB3.7.CAG.0,HAIRPIN,n.A20,HAIRPIN.6TB3.7.CAG,7
HAIRPIN.6TB3.7.CGUUCAUAG.0,HAIRPIN,BQ.A2845,HAIRPIN.6TB3.7.CGUUCAUAG,7
HAIRPIN.6TB3.7.GAUAGUGGC.0,HAIRPIN,2.A301,HAIRPIN.6TB3.7.GAUAGUGGC,7
HAIRPIN.6TB3.7.GCGAAAGAC.0,HAIRPIN,BQ.A2145,HAIRPIN.6TB3.7.GCGAAAGAC,7
HAIRPIN.6TB3.7.GUAUACGAC.0,HAIRPIN,BQ.A2991,HAIRPIN.6TB3.7.GUAUACGAC,7
HAIRPIN.6TB3.7.GUCAUCAGC.0,HAIRPIN,2.A1196,HAIRPIN.6TB3.7.GUCAUCAGC,7
HAIRPIN.6TB3.7.UCUAAUUAG.0,HAIRPIN,BQ.A2295,HAIRPIN.6TB3.7.UCUAAUUAG,7
HAIRPIN.6TB3.8.AGGUGAAAUU.0,HAIRPIN,2.A905,HAIRPIN.6TB3.8.AGGUGAAAUU,8
HAIRPIN.6TB3.8.AUUGAGAGCU.0,HAIRPIN,2.G1212,HAIRPIN.6TB3.8.AUUGAGAGCU,8
HAIRPIN.6TB3.8.GACUCAACAC.0,HAIRPIN,2.A1196,HAIRPIN.6TB3.8.GACUCAACAC,8
HAIRPIN.6TB3.8.GUUAAGAUUC.0,HAIRPIN,BQ.A1602,HAIRPIN.6TB3.8.GUUAAGAUUC,8
HAIRPIN.6TB3.13.CAGCCAAGGGAACGG.0,HAIRPIN,BQ.A646,HAIRPIN.6TB3.8.UCUUGAAACA,8
HAIRPIN.6TB3.8.UUUGGGAAUG.0,HAIRPIN,BQ.A2785,HAIRPIN.6TB3.8.UUUGGGAAUG,8
HAIRPIN.6TB3.9.CAGAUACC.0,HAIRPIN,2.G1002,HAIRPIN.6TB3.9.CAGAUACC,9
HAIRPIN.6TB3.9.CAUGGAAGUCG.0,HAIRPIN,BQ.A1245,HAIRPIN.6TB3.9.CAUGGAAGUCG,9
HAIRPIN.6TB3.4.AGAAAU.0,HAIRPIN,2.A1086,HAIRPIN.6TB3.9.GAUCCUGC,9
HAIRPIN.6TB3.9.GUAACUAUGAC.0,HAIRPIN,2.A1755,HAIRPIN.6TB3.9.GUAACUAUGAC,9
HAIRPIN.6TB3.9.UCUAAUUAAAA.0,HAIRPIN,BQ.A2143,HAIRPIN.6TB3.9.UCUAAUUAAAA,9
