motif,type,res,seq,helix_length
HELIX.5VPO.10.GGUCUCUGGG-CCUGGGGGCC.0,HELIX,QA.G725,HELIX.5VPO.10.GGUCUCUGGG-CCUGGGGGCC,10
HELIX.5VPO.11.UUCCCGCAGGU-ACCUGCGGGAA.0,HELIX,RA.A1587,HELIX.5VPO.11.UUCCCGCAGGU-ACCUGCGGGAA,11
HELIX.5VPO.13.CACGGUCGUGGGC-GUCCGCGGCCGUG.0,HELIX,RA.C605,HELIX.5VPO.13.CACGGUCGUGGGC-GUCCGCGGCCGUG,13
HELIX.5VPO.13.GCGGGCUCUACCC-GGGUAGGGCCCGU.0,HELIX,QA.A1473,HELIX.5VPO.13.GCGGGCUCUACCC-GGGUAGGGCCCGU,13
HELIX.5VPO.2.CA-UG.0,HELIX,QA.A1396,HELIX.5VPO.2.CA-UG,2
HELIX.5VPO.2.GG-CC.1,HELIX,QA.U1498,HELIX.5VPO.2.GG-CC,2
HELIX.5VPO.3.CCA-UGG.0,HELIX,RA.C1387,HELIX.5VPO.3.CCA-UGG,3
HELIX.5VPO.3.CCC-GGG.1,HELIX,RA.G1136,HELIX.5VPO.3.CCC-GGG,3
HELIX.5VPO.3.CCG-CGG.0,HELIX,QA.A482,HELIX.5VPO.3.CCG-CGG,3
HELIX.5VPO.3.CCU-GGG.0,HELIX,RA.G2543,HELIX.5VPO.3.CCU-GGG,3
HELIX.5VPO.3.CGG-CCG.1,HELIX,RA.A1001,HELIX.5VPO.3.CGG-CCG,3
HELIX.5VPO.3.GCA-UGC.0,HELIX,QA.A356,HELIX.5VPO.3.GCA-UGC,3
HELIX.5VPO.3.GCC-GGC.2,HELIX,RA.G1891,HELIX.5VPO.3.GCC-GGC,3
HELIX.5VPO.2.GC-GC.1,HELIX,QA.C1259,HELIX.5VPO.3.GCG-CGC,3
HELIX.5VPO.3.GGC-GCC.6,HELIX,RA.G2290,HELIX.5VPO.3.GGC-GCC,3
HELIX.5VPO.3.GGC-GCU.0,HELIX,QA.C879,HELIX.5VPO.3.GGC-GCU,3
HELIX.5VPO.3.GGC-GUC.0,HELIX,QA.C106,HELIX.5VPO.3.GGC-GUC,3
HELIX.5VPO.3.GGG-CCC.2,HELIX,RA.A270,HELIX.5VPO.3.GGG-CCC,3
HELIX.5VPO.3.GGG-CUC.0,HELIX,QA.A914,HELIX.5VPO.3.GGG-CUC,3
HELIX.5VPO.3.GUU-GAC.0,HELIX,QA.A53,HELIX.5VPO.3.GUU-GAC,3
HAIRPIN.5VPO.4.CUAACG.0,HELIX,QA.A864,HELIX.5VPO.3.UCC-GGA,3
HELIX.5VPO.3.UGU-ACG.0,HELIX,QA.A923,HELIX.5VPO.3.UGU-ACG,3
HELIX.5VPO.4.AGCU-AGUU.0,HELIX,RA.A2071,HELIX.5VPO.4.AGCU-AGUU,4
HELIX.5VPO.4.CCCG-CGGG.1,HELIX,RA.G2444,HELIX.5VPO.4.CCCG-CGGG,4
HELIX.5VPO.4.GCCG-CGGC.0,HELIX,QA.C123,HELIX.5VPO.4.GCCG-CGGC,4
HELIX.5VPO.4.GCCU-AGGU.0,HELIX,RA.A347,HELIX.5VPO.4.GCCU-AGGU,4
HELIX.5VPO.4.GGGC-GCCU.0,HELIX,QA.G107,HELIX.5VPO.4.GGGC-GCCU,4
HELIX.5VPO.2.GG-CC.6,HELIX,RA.C1498,HELIX.5VPO.4.GGGG-CCUC,4
HELIX.5VPO.4.GGGU-ACCC.0,HELIX,QA.A303,HELIX.5VPO.4.GGGU-ACCC,4
HELIX.5VPO.2.GG-CC.11,HELIX,RA.G629,HELIX.5VPO.4.GUCC-GGGC,4
HELIX.5VPO.4.GUCU-GGAU.0,HELIX,QA.G610,HELIX.5VPO.4.GUCU-GGAU,4
HELIX.5VPO.4.UGGU-GCCA.0,HELIX,RA.C1999,HELIX.5VPO.4.UGGU-GCCA,4
HELIX.5VPO.5.AACGC-GCGUU.0,HELIX,QA.A33,HELIX.5VPO.5.AACGC-GCGUU,5
HELIX.5VPO.5.ACUGC-GCAGU.0,HELIX,RA.A2077,HELIX.5VPO.5.ACUGC-GCAGU,5
HELIX.5VPO.2.GU-GC.0,HELIX,RA.C2692,HELIX.5VPO.5.CCAGC-GCUGG,5
HELIX.5VPO.5.GCCGG-CCGGU.0,HELIX,QA.A702,HELIX.5VPO.5.GCCGG-CCGGU,5
HELIX.5VPO.5.GCGCC-GGCGU.0,HELIX,RA.G1455,HELIX.5VPO.5.GCGCC-GGCGU,5
HELIX.5VPO.2.GA-UC.0,HELIX,RA.A225,HELIX.5VPO.5.GGGCG-CGCCU,5
HELIX.5VPO.5.GGGGC-GCCCC.0,HELIX,QA.A1434,HELIX.5VPO.5.GGGGC-GCCCC,5
HELIX.5VPO.4.GUGG-CCAC.0,HELIX,RA.C1880,HELIX.5VPO.5.GGGGU-GCCCC,5
HELIX.5VPO.5.GGUGU-GCGCU.0,HELIX,RA.G2230,HELIX.5VPO.5.GGUGU-GCGCU,5
HELIX.5VPO.5.GUCGG-CCGAC.0,HELIX,QA.A1418,HELIX.5VPO.5.GUCGG-CCGAC,5
HELIX.5VPO.5.UCCCU-GGGGA.0,HELIX,RA.A609,HELIX.5VPO.5.UCCCU-GGGGA,5
HELIX.5VPO.5.UUCCC-GGGAA.0,HELIX,RA.A443,HELIX.5VPO.5.UUCCC-GGGAA,5
HELIX.5VPO.6.CCCUGG-CCAGGG.0,HELIX,RA.A294,HELIX.5VPO.6.CCCUGG-CCAGGG,6
HELIX.5VPO.6.CCGGGC-GCCCGG.0,HELIX,RA.A190,HELIX.5VPO.6.CCGGGC-GCCCGG,6
HELIX.5VPO.6.GCCGGC-GCCGGC.0,HELIX,RA.C584,HELIX.5VPO.6.GCCGGC-GCCGGC,6
HELIX.5VPO.6.GCCUCC-GGAGGC.0,HELIX,RA.A2388,HELIX.5VPO.6.GCCUCC-GGAGGC,6
HELIX.5VPO.6.GCGCGC-GCGCGC.0,HELIX,QA.C822,HELIX.5VPO.6.GCGCGC-GCGCGC,6
HELIX.5VPO.6.GGGGAG-CUCCCC.0,HELIX,RA.C817,HELIX.5VPO.6.GGGGAG-CUCCCC,6
HELIX.5VPO.6.GGGGCU-GGUCCC.0,HELIX,RA.A2741,HELIX.5VPO.6.GGGGCU-GGUCCC,6
HELIX.5VPO.6.UGUCCC-GGGGCA.0,HELIX,RA.C2699,HELIX.5VPO.6.UGUCCC-GGGGCA,6
HELIX.5VPO.3.GCG-CGC.0,HELIX,QA.G1253,HELIX.5VPO.7.AUCGCGG-CCGCGGU,7
HELIX.5VPO.7.CGGGCCU-GGGCCCG.0,HELIX,QA.G1064,HELIX.5VPO.7.CGGGCCU-GGGCCCG,7
HELIX.5VPO.7.CUCAGGC-GCCUGGG.0,HELIX,RA.C817,HELIX.5VPO.7.CUCAGGC-GCCUGGG,7
HELIX.5VPO.3.CCU-GGG.0,HELIX,RA.G2543,HELIX.5VPO.7.CUCUUCC-GGAAGGG,7
HELIX.5VPO.7.GCUCUCU-AGGGAGC.0,HELIX,RA.A1900,HELIX.5VPO.7.GCUCUCU-AGGGAGC,7
HELIX.5VPO.7.GGAGGCU-GGCCUCC.0,HELIX,RA.A2632,HELIX.5VPO.7.GGAGGCU-GGCCUCC,7
HELIX.5VPO.7.GGCCUGG-CCAGGCC.0,HELIX,QA.A958,HELIX.5VPO.7.GGCCUGG-CCAGGCC,7
HELIX.5VPO.8.CCCCCGCC-GGUGGGGG.0,HELIX,RA.G2149,HELIX.5VPO.8.CCCCCGCC-GGUGGGGG,8
HELIX.5VPO.8.CCCGUGGC-GCCACGGG.0,HELIX,RA.A526,HELIX.5VPO.8.CCCGUGGC-GCCACGGG,8
HELIX.5VPO.8.CCCUCGCC-GGCGAGGG.0,HELIX,RA.A2713,HELIX.5VPO.8.CCCUCGCC-GGCGAGGG,8
HELIX.5VPO.8.GCGUGGGU-GCCCGCGU.0,HELIX,QA.G126,HELIX.5VPO.8.GCGUGGGU-GCCCGCGU,8
HELIX.5VPO.2.CC-GG.1,HELIX,RA.G1380,HELIX.5VPO.9.AGCCCUGGC-GCUGGGGCU,9
HELIX.5VPO.9.AGCUGUACC-GGUGCGGCU.0,HELIX,QA.G1508,HELIX.5VPO.9.AGCUGUACC-GGUGCGGCU,9
HELIX.5VPO.9.CCCCGUGGU-GCCAUGGGG.0,HELIX,RA.C378,HELIX.5VPO.9.CCCCGUGGU-GCCAUGGGG,9
HELIX.6TB3.10.CAGUUUUGGU-GCUGGGACUG.0,HELIX,BQ.A1165,HELIX.6TB3.10.CAGUUUUGGU-GCUGGGACUG,10
HELIX.6TB3.3.ACG-UGU.0,HELIX,2.A1765,HELIX.6TB3.3.ACG-UGU,3
HELIX.6TB3.3.AGC-GCU.1,HELIX,2.G1672,HELIX.6TB3.3.AGC-GCU,3
HELIX.6TB3.3.AUU-GAU.0,HELIX,BQ.A3372,HELIX.6TB3.3.AUU-GAU,3
HELIX.6TB3.3.CAU-GUG.0,HELIX,BQ.A2743,HELIX.6TB3.3.CAU-GUG,3
HELIX.6TB3.2.AU-GU.0,HELIX,BQ.G712,HELIX.6TB3.3.CGA-UUG,3
HELIX.6TB3.3.CGG-CCG.1,HELIX,BQ.A1170,HELIX.6TB3.3.CGG-CCG,3
HELIX.6TB3.3.GCA-UGC.0,HELIX,2.G426,HELIX.6TB3.3.GCA-UGC,3
HELIX.6TB3.3.GCC-GGC.0,HELIX,BQ.G1310,HELIX.6TB3.3.GCC-GGC,3
HELIX.6TB3.3.GCC-GGU.0,HELIX,2.A967,HELIX.6TB3.3.GCC-GGU,3
HAIRPIN.6TB3.4.AGAAAU.0,HELIX,2.A1086,HELIX.6TB3.3.GGA-UCC,3
HELIX.6TB3.3.GGG-CUU.0,HELIX,2.A1138,HELIX.6TB3.3.GGG-CUU,3
HELIX.6TB3.3.GUG-CGC.0,HELIX,BQ.G674,HELIX.6TB3.3.GUG-CGC,3
HELIX.6TB3.4.AGCU-AGUU.0,HELIX,BQ.A2413,HELIX.6TB3.4.AGCU-AGUU,4
HELIX.6TB3.4.AGGU-GCCU.0,HELIX,BQ.C1870,HELIX.6TB3.4.AGGU-GCCU,4
HAIRPIN.6TB3.19.GGCAAGUCUGGUGCCAGCAGC.0,HELIX,2.A19,HELIX.6TB3.4.CCAG-CUGG,4
HELIX.6TB3.4.CCGU-ACGG.0,HELIX,BQ.A1435,HELIX.6TB3.4.CCGU-ACGG,4
HELIX.6TB3.4.CCUG-CAGG.0,HELIX,BQ.A2813,HELIX.6TB3.4.CCUG-CAGG,4
HELIX.6TB3.4.GAAU-GUUC.0,HELIX,2.A367,HELIX.6TB3.4.GAAU-GUUC,4
HELIX.6TB3.4.GACU-AGUU.0,HELIX,BQ.A1477,HELIX.6TB3.4.GACU-AGUU,4
HELIX.6TB3.4.GGCA-UGCC.1,HELIX,BQ.C81,HELIX.6TB3.4.GGCA-UGCC,4
HELIX.6TB3.4.GGUC-GGCU.0,HELIX,2.A1023,HELIX.6TB3.4.GGUC-GGCU,4
HELIX.6TB3.4.UCGC-GCGA.0,HELIX,2.A62,HELIX.6TB3.4.UCGC-GCGA,4
HELIX.6TB3.4.UGGU-GCUA.0,HELIX,BQ.A1895,HELIX.6TB3.4.UGGU-GCUA,4
HELIX.6TB3.5.AAAUC-GAUUU.0,HELIX,BQ.A3150,HELIX.6TB3.5.AAAUC-GAUUU,5
HELIX.6TB3.5.AUCAG-CUGAU.0,HELIX,BQ.A1886,HELIX.6TB3.5.AUCAG-CUGAU,5
HELIX.6TB3.5.GCGGC-GCCGC.0,HELIX,BQ.C3060,HELIX.6TB3.5.GCGGC-GCCGC,5
HELIX.6TB3.5.GGAGU-AUUCC.0,HELIX,2.C1159,HELIX.6TB3.5.GGAGU-AUUCC,5
HELIX.6TB3.2.CC-GG.10,HELIX,BQ.C315,HELIX.6TB3.5.GGGUG-CAUCU,5
HELIX.6TB3.5.GUCAU-GUGAC.0,HELIX,2.A1655,HELIX.6TB3.5.GUCAU-GUGAC,5
HELIX.6TB3.5.UCCGG-CCGGA.0,HELIX,BQ.A1612,HELIX.6TB3.5.UCCGG-CCGGA,5
HELIX.6TB3.5.UCUGG-CCAGG.0,HELIX,2.A733,HELIX.6TB3.5.UCUGG-CCAGG,5
HELIX.6TB3.5.UGAAC-GUUCA.0,HELIX,BQ.A2933,HELIX.6TB3.5.UGAAC-GUUCA,5
HELIX.6TB3.5.UUGGA-UCCAA.0,HELIX,2.G30,HELIX.6TB3.5.UUGGA-UCCAA,5
HAIRPIN.6TB3.20.GGCACAUCUGUUAAACGAUAAC.0,HELIX,BQ.A1136,HELIX.6TB3.5.UUUUG-CAGAA,5
HELIX.6TB3.6.ACCGAA-UUCGGU.0,HELIX,BQ.A3106,HELIX.6TB3.6.ACCGAA-UUCGGU,6
HELIX.6TB3.6.AUAUGC-GCGUAU.0,HELIX,2.A28,HELIX.6TB3.6.AUAUGC-GCGUAU,6
HELIX.6TB3.6.AUCUGU-GCAGAU.0,HELIX,BQ.A2649,HELIX.6TB3.6.AUCUGU-GCAGAU,6
HELIX.6TB3.6.CUCCAC-GUGGGG.0,HELIX,BQ.C3161,HELIX.6TB3.6.CUCCAC-GUGGGG,6
HELIX.6TB3.6.GAUGGU-ACCAUC.0,HELIX,BQ.A34,HELIX.6TB3.6.GAUGGU-ACCAUC,6
HELIX.6TB3.6.UUCAAU-AUUGAA.0,HELIX,2.U889,HELIX.6TB3.6.UUCAAU-AUUGAA,6
HELIX.6TB3.7.AAGGGCA-UGCCCUU.0,HELIX,2.C1623,HELIX.6TB3.7.AAGGGCA-UGCCCUU,7
HELIX.6TB3.7.CGCGAGC-GCUUGUG.0,HELIX,BQ.G1666,HELIX.6TB3.7.CGCGAGC-GCUUGUG,7
HELIX.6TB3.7.GAGUUGU-GCAGCUC.0,HELIX,BQ.G290,HELIX.6TB3.7.GAGUUGU-GCAGCUC,7
HELIX.6TB3.7.GCAUUGC-GCAAUGU.0,HELIX,BQ.A2152,HELIX.6TB3.7.GCAUUGC-GCAAUGU,7
HELIX.6TB3.7.GGGAAUC-GAUUCCC.0,HELIX,BQ.A1932,HELIX.6TB3.7.GGGAAUC-GAUUCCC,7
HELIX.6TB3.7.GUAGAGU-ACUCUAC.0,HELIX,BQ.A1337,HELIX.6TB3.7.GUAGAGU-ACUCUAC,7
HELIX.6TB3.7.GUAGAUA-UAUCUAC.0,HELIX,BQ.U1894,HELIX.6TB3.7.GUAGAUA-UAUCUAC,7
HELIX.6TB3.8.AGCGCAAG-CUUGCGUU.0,HELIX,2.A1483,HELIX.6TB3.8.AGCGCAAG-CUUGCGUU,8
HELIX.6TB3.8.GAGCUUUU-AGAAGCUC.0,HELIX,BQ.A973,HELIX.6TB3.8.GAGCUUUU-AGAAGCUC,8
HELIX.6TB3.8.GCCAGCAU-AUGCUGGC.0,HELIX,BQ.A3273,HELIX.6TB3.8.GCCAGCAU-AUGCUGGC,8
HELIX.6TB3.8.GUUACCGC-GCGGUGAU.0,HELIX,BQ.G2997,HELIX.6TB3.8.GUUACCGC-GCGGUGAU,8
HELIX.6TB3.8.GUUUGACA-UGUCAGGU.0,HELIX,BQ.A2213,HELIX.6TB3.8.GUUUGACA-UGUCAGGU,8
HELIX.6TB3.2.UC-GG.0,HELIX,2.G1046,HELIX.6TB3.8.UCGGGUGG-CCACUCGG,8
HELIX.6TB3.8.UGGAGGUC-GGCCUCUA.0,HELIX,BQ.A338,HELIX.6TB3.8.UGGAGGUC-GGCCUCUA,8
HELIX.6TB3.2.CC-GG.6,HELIX,BQ.G1590,HELIX.6TB3.9.AUGCCUGAA-UUUGGGUAU,9
HELIX.6TB3.9.UUCCGUAGG-CCUGCGGAA.0,HELIX,2.A977,HELIX.6TB3.9.UUCCGUAGG-CCUGCGGAA,9
,,,,
