motif,type,res,seq,sstrand_length
SSTRAND.3IWN.2.GA.0,SSTRAND,A.A14,SSTRAND.3IWN.2.GA,2
SSTRAND.5VPO.1.A.1,SSTRAND,RA.A1773,SSTRAND.5VPO.1.A,1
SSTRAND.5VPO.1.G.2,SSTRAND,RA.A111,SSTRAND.5VPO.1.G,1
SSTRAND.5VPO.1.U.2,SSTRAND,QA.C1402,SSTRAND.5VPO.1.U,1
SSTRAND.5VPO.10.AAGAACCUUA.0,SSTRAND,QA.A977,SSTRAND.5VPO.10.AAGAACCUUA,10
HELIX.5VPO.2.CA-UG.0,SSTRAND,QA.A1398,SSTRAND.5VPO.2.CA,2
SSTRAND.5VPO.2.GC.0,SSTRAND,QA.C1223,SSTRAND.5VPO.2.GC,2
SSTRAND.5VPO.2.GU.0,SSTRAND,QA.G1505,SSTRAND.5VPO.2.GU,2
SSTRAND.5VPO.2.UU.0,SSTRAND,RA.G2238,SSTRAND.5VPO.2.UU,2
HELIX.5VPO.3.CGU-GCG.0,SSTRAND,RA.G113,SSTRAND.5VPO.3.AUG,3
SSTRAND.5VPO.3.GCA.0,SSTRAND,RA.A2781,SSTRAND.5VPO.3.GCA,3
SSTRAND.5VPO.3.UAA.0,SSTRAND,RA.A1690,SSTRAND.5VPO.3.UAA,3
SSTRAND.6TB3.1.A.2,SSTRAND,BQ.A2131,SSTRAND.6TB3.1.A,1
SSTRAND.6TB3.1.G.1,SSTRAND,BQ.A2149,SSTRAND.6TB3.1.G,1
SSTRAND.6TB3.2.AU.0,SSTRAND,BQ.A3292,SSTRAND.6TB3.2.AU,2
SSTRAND.6TB3.2.GU.1,SSTRAND,BQ.G3158,SSTRAND.6TB3.2.GU,2
SSTRAND.6TB3.2.UG.0,SSTRAND,BQ.G2418,SSTRAND.6TB3.2.UG,2
SSTRAND.6TB3.3.AAA.1,SSTRAND,BQ.A2386,SSTRAND.6TB3.3.AAA,3
SSTRAND.6TB3.3.ACA.0,SSTRAND,2.A1635,SSTRAND.6TB3.3.ACA,3
SSTRAND.6TB3.3.UAU.2,SSTRAND,BQ.A187,SSTRAND.6TB3.3.UAU,3
SSTRAND.6TB3.4.CAGA.0,SSTRAND,BQ.A2384,SSTRAND.6TB3.4.CAGA,4
SSTRAND.6TB3.4.GAAA.0,SSTRAND,2.A979,SSTRAND.6TB3.4.GAAA,4
SSTRAND.6TB3.4.UUAA.0,SSTRAND,BQ.A2320,SSTRAND.6TB3.4.UUAA,4
SSTRAND.7EQG.2.DA.0,SSTRAND,M.C37,SSTRAND.7EQG.2.DA,2
,,,,
